employee_id,first_name,last_name,gender,age,department,salary,hire_date,city,state,performance_score
1,Alice,Jones,O,59,Sales,95278.21,2011-01-04,Sydney,NSW,100
2,Ivan,Wilson,M,52,Marketing,147686.22,2020-05-21,Adelaide,TAS,67
3,George,Jones,O,50,Sales,108381.71,2023-08-25,Sydney,VIC,72
4,Julia,Brown,M,58,Operations,83373.96,2014-02-27,Melbourne,TAS,67
5,George,Davis,M,38,Finance,54890.21,2020-04-13,Sydney,VIC,40
6,Diana,Davis,F,57,HR,133475.83,2014-01-04,Hobart,WA,41
7,Fiona,Johnson,M,25,Finance,104015.54,2022-12-08,Hobart,SA,89
8,Charlie,Johnson,M,26,HR,125095.41,2014-05-27,Adelaide,TAS,66
9,Julia,Brown,O,55,HR,63114.8,2020-03-12,Brisbane,VIC,63
10,Julia,Smith,F,26,IT,115809.94,2021-02-05,Sydney,VIC,88
11,Fiona,Garcia,F,29,IT,108781.3,2012-09-13,Melbourne,VIC,74
12,Ivan,Smith,M,42,Finance,98302.75,2014-03-03,Brisbane,WA,62
13,Ethan,Brown,O,23,Finance,142094.36,2020-01-24,Sydney,WA,80
14,George,Williams,O,25,Sales,50832.61,2021-08-11,Hobart,SA,50
15,Julia,Wilson,F,51,Sales,106634.92,2018-07-11,Adelaide,VIC,60
16,Diana,Williams,M,23,Sales,90192.97,2012-05-17,Hobart,SA,82
17,Alice,Williams,M,28,Operations,82421.25,2016-01-29,Hobart,QLD,52
18,George,Garcia,M,41,Marketing,82837.03,2018-06-05,Perth,SA,53
19,Fiona,Johnson,M,29,IT,107521.44,2011-05-22,Sydney,QLD,63
20,Ethan,Smith,M,24,IT,84995.94,2014-02-17,Brisbane,QLD,97
21,Ethan,Smith,F,31,IT,95888.37,2024-11-23,Perth,QLD,73
22,Bob,Brown,M,58,Operations,88551.5,2011-03-04,Perth,SA,64
23,Charlie,Miller,O,42,Operations,105049.3,2012-01-10,Perth,WA,69
24,Fiona,Anderson,F,34,Sales,88950.8,2022-03-07,Hobart,QLD,82
25,Hannah,Wilson,O,24,Finance,74832.54,2012-09-02,Hobart,SA,88
26,Hannah,Garcia,M,49,Marketing,123046.44,2012-04-11,Sydney,SA,96
27,Fiona,Davis,F,53,Sales,86032.88,2012-08-25,Hobart,QLD,90
28,Hannah,Miller,O,57,Marketing,58776.1,2024-12-28,Hobart,NSW,41
29,Fiona,Miller,O,50,Finance,148558.59,2023-05-22,Hobart,NSW,100
30,Diana,Davis,M,54,HR,86656.55,2023-03-20,Adelaide,VIC,72
31,Ivan,Jones,O,36,Sales,139612.32,2023-01-17,Melbourne,VIC,53
32,Charlie,Miller,M,56,Finance,144285.11,2015-02-12,Hobart,VIC,64
33,Charlie,Garcia,M,23,Marketing,64642.95,2021-06-26,Sydney,TAS,76
34,Bob,Brown,F,50,Sales,119231.02,2014-08-15,Perth,TAS,49
35,Diana,Brown,O,61,IT,83111.03,2024-11-14,Adelaide,VIC,53
36,Alice,Williams,F,54,Marketing,84635.68,2011-08-26,Adelaide,QLD,85
37,Ethan,Anderson,O,24,Marketing,96218.16,2012-10-24,Brisbane,WA,72
38,Hannah,Williams,O,25,Operations,70781.32,2016-12-28,Adelaide,QLD,43
39,Bob,Smith,O,52,Operations,75816.52,2022-01-13,Hobart,WA,50
40,Hannah,Miller,F,55,Sales,130133.59,2022-08-04,Melbourne,WA,43
41,Bob,Jones,M,59,IT,110755.04,2011-06-12,Brisbane,NSW,92
42,George,Garcia,F,23,Finance,102095.26,2010-03-29,Perth,VIC,87
43,Bob,Brown,F,60,Finance,98571.25,2014-12-31,Hobart,VIC,68
44,Alice,Davis,O,26,Marketing,92546.96,2012-09-14,Sydney,NSW,63
45,Bob,Jones,O,30,HR,59769.63,2020-12-26,Sydney,QLD,64
46,Alice,Brown,M,35,Operations,125971.45,2012-10-03,Sydney,TAS,66
47,Alice,Wilson,M,23,Operations,101697.63,2017-10-14,Hobart,TAS,94
48,Hannah,Brown,M,65,HR,52660.16,2023-08-10,Perth,VIC,83
49,George,Johnson,M,65,Sales,120656.57,2022-08-13,Melbourne,TAS,67
50,Bob,Wilson,O,64,Marketing,45276.96,2014-11-07,Brisbane,VIC,93
51,Bob,Johnson,F,35,Finance,133605.42,2020-11-27,Hobart,WA,58
52,Julia,Davis,F,38,Marketing,86645.04,2013-05-12,Melbourne,WA,50
53,Charlie,Smith,O,43,HR,69092.32,2011-06-06,Brisbane,NSW,49
54,George,Johnson,F,62,Operations,67285.06,2014-12-12,Melbourne,VIC,100
55,Hannah,Smith,F,38,Marketing,122665.68,2016-05-04,Melbourne,SA,95
56,Bob,Johnson,O,52,Finance,56593.05,2020-06-18,Brisbane,NSW,43
57,Charlie,Jones,F,28,Finance,129971.16,2022-03-26,Adelaide,NSW,48
58,Ivan,Brown,M,63,Operations,90344.12,2020-09-20,Perth,SA,40
59,Ethan,Anderson,F,39,Finance,47185.49,2019-04-20,Sydney,WA,74
60,Charlie,Smith,O,61,IT,77438.97,2011-12-15,Melbourne,SA,85
61,Alice,Davis,M,22,Marketing,51275.92,2013-02-28,Adelaide,TAS,49
62,Bob,Jones,M,44,Marketing,52709.09,2020-12-09,Brisbane,NSW,78
63,George,Williams,F,41,Sales,148833.59,2019-10-28,Sydney,TAS,96
64,Alice,Brown,F,57,Operations,54865.51,2010-05-02,Melbourne,QLD,51
65,Hannah,Anderson,O,62,Finance,120700.68,2015-01-27,Melbourne,NSW,57
66,Hannah,Miller,O,62,Operations,51939.61,2011-12-20,Perth,NSW,63
67,Ethan,Jones,F,39,Operations,74014.96,2011-11-02,Perth,NSW,59
68,Diana,Miller,O,48,Finance,75063.71,2013-10-09,Adelaide,VIC,90
69,Charlie,Smith,M,36,Finance,142600.59,2021-03-22,Melbourne,WA,44
70,Charlie,Garcia,F,60,Marketing,124398.94,2011-10-28,Perth,QLD,99
71,Charlie,Williams,F,63,Finance,112741.71,2019-12-03,Melbourne,TAS,83
72,Julia,Jones,O,32,Sales,79048.65,2013-04-07,Brisbane,SA,95
73,Ivan,Brown,F,47,Marketing,105763.61,2011-11-11,Hobart,TAS,95
74,Ivan,Williams,M,54,IT,112111.47,2011-04-15,Adelaide,TAS,57
75,Diana,Johnson,F,61,Finance,142209.38,2015-08-21,Sydney,WA,61
76,Fiona,Miller,F,52,HR,52332.79,2021-01-07,Melbourne,NSW,77
77,Fiona,Miller,F,63,Operations,113890.03,2021-07-30,Adelaide,TAS,93
78,George,Brown,F,57,Operations,133960.87,2018-08-12,Brisbane,WA,51
79,Bob,Williams,F,56,Finance,127472.37,2014-08-17,Melbourne,WA,76
80,George,Jones,O,44,Operations,115842.79,2015-12-21,Adelaide,NSW,92
81,Julia,Miller,O,36,Operations,130423.62,2017-01-07,Brisbane,TAS,100
82,Hannah,Miller,F,64,Finance,57245.76,2019-06-17,Brisbane,WA,57
83,Ivan,Jones,F,53,Operations,104439.68,2020-05-16,Melbourne,TAS,85
84,Ivan,Wilson,F,64,Operations,102136.94,2024-05-18,Brisbane,WA,71
85,Bob,Johnson,O,37,Finance,67952.24,2012-09-23,Perth,QLD,49
86,Bob,Williams,O,39,Marketing,105836.09,2020-10-02,Brisbane,TAS,75
87,Ethan,Wilson,M,45,Finance,55540.71,2022-11-12,Melbourne,QLD,63
88,Alice,Miller,M,49,Finance,55346.95,2013-07-09,Perth,TAS,87
89,Hannah,Davis,F,43,Marketing,148252.46,2019-01-02,Adelaide,QLD,47
90,Ethan,Williams,M,35,Finance,143993.58,2016-03-21,Hobart,TAS,86
91,Ivan,Smith,M,28,Sales,46134.63,2017-05-29,Sydney,QLD,69
92,George,Wilson,O,59,Marketing,85968.33,2017-06-30,Hobart,NSW,94
93,Diana,Brown,F,62,HR,141053.65,2018-09-12,Hobart,QLD,71
94,Hannah,Johnson,O,64,IT,112351.36,2019-09-19,Perth,NSW,46
95,Alice,Williams,O,42,IT,66516.66,2017-01-05,Brisbane,TAS,56
96,Diana,Miller,F,44,Marketing,79345.2,2017-12-16,Melbourne,SA,56
97,Bob,Garcia,M,25,HR,58083.67,2020-07-04,Melbourne,SA,40
98,Hannah,Williams,O,43,HR,65435.0,2021-12-14,Melbourne,VIC,62
99,Fiona,Miller,M,61,Finance,98165.94,2024-02-09,Melbourne,SA,69
100,Hannah,Brown,F,40,Operations,51115.89,2017-12-25,Melbourne,TAS,90
101,Diana,Miller,O,44,Finance,89819.06,2012-05-11,Hobart,WA,79
102,Alice,Brown,O,33,Marketing,121906.85,2024-08-18,Sydney,QLD,53
103,Diana,Wilson,F,34,IT,74585.32,2018-11-01,Melbourne,QLD,72
104,Charlie,Jones,M,22,IT,145055.41,2015-11-02,Perth,QLD,49
105,Charlie,Anderson,F,43,Operations,133420.83,2015-01-05,Perth,WA,87
106,Julia,Jones,O,36,Sales,93046.32,2018-01-28,Hobart,SA,92
107,George,Garcia,F,61,HR,96667.55,2013-08-29,Hobart,NSW,53
108,Fiona,Anderson,O,49,HR,95601.31,2018-03-16,Hobart,QLD,50
109,Alice,Miller,M,39,HR,84170.63,2020-07-08,Melbourne,TAS,49
110,Julia,Smith,M,55,Sales,119828.42,2020-02-19,Adelaide,SA,95
111,Ivan,Brown,O,45,IT,82190.07,2013-08-25,Perth,WA,40
112,Bob,Brown,O,53,Marketing,45297.85,2023-07-27,Melbourne,QLD,98
113,Bob,Wilson,M,46,Operations,93060.55,2013-09-06,Hobart,WA,86
114,Ethan,Garcia,O,41,Finance,100369.67,2016-09-23,Melbourne,WA,45
115,Alice,Davis,F,43,Marketing,90530.12,2019-06-02,Perth,NSW,49
116,Ethan,Wilson,M,54,Sales,131314.47,2014-03-06,Perth,SA,48
117,Alice,Brown,F,60,Sales,85720.63,2011-04-30,Melbourne,TAS,63
118,Ethan,Wilson,M,45,Operations,103622.78,2022-02-13,Melbourne,NSW,91
119,Ethan,Wilson,M,64,Sales,48660.64,2022-10-11,Melbourne,SA,60
120,George,Anderson,O,63,Operations,106766.87,2012-12-18,Adelaide,VIC,40
121,George,Anderson,O,53,IT,115563.83,2010-07-16,Adelaide,TAS,100
122,Fiona,Wilson,M,49,IT,136541.89,2014-03-19,Brisbane,WA,99
123,Bob,Jones,M,26,IT,111913.17,2013-07-21,Adelaide,SA,78
124,Alice,Garcia,M,30,Finance,102897.43,2014-10-19,Brisbane,SA,72
125,Alice,Miller,M,34,Finance,60807.17,2011-03-19,Sydney,QLD,49
126,Charlie,Davis,O,26,Sales,113747.44,2023-07-19,Brisbane,SA,90
127,Fiona,Miller,O,45,IT,89313.84,2018-03-10,Brisbane,NSW,57
128,Julia,Brown,F,45,Operations,99433.35,2020-05-11,Brisbane,WA,96
129,Bob,Garcia,M,42,Finance,55601.38,2018-12-02,Melbourne,SA,75
130,Hannah,Smith,O,60,Operations,94371.8,2016-07-10,Hobart,SA,92
131,Charlie,Jones,F,29,Sales,86493.13,2020-04-29,Adelaide,SA,89
132,Julia,Miller,M,22,HR,80174.88,2014-02-01,Perth,TAS,46
133,Ivan,Johnson,F,46,Finance,54036.55,2012-06-13,Sydney,TAS,94
134,Julia,Garcia,F,39,Sales,121057.44,2013-10-21,Hobart,TAS,52
135,Charlie,Anderson,F,59,Finance,132970.32,2024-11-08,Melbourne,WA,72
136,Ivan,Johnson,M,56,HR,80854.84,2011-04-17,Brisbane,SA,85
137,Fiona,Davis,O,55,Marketing,126502.16,2013-09-06,Brisbane,QLD,93
138,Ivan,Garcia,F,62,Marketing,136545.28,2017-10-03,Hobart,NSW,64
139,Ethan,Jones,O,22,Finance,129638.51,2013-09-10,Melbourne,TAS,75
140,Bob,Jones,O,46,Marketing,136680.75,2022-05-16,Melbourne,QLD,98
141,Ivan,Williams,F,36,Marketing,79409.03,2020-11-20,Adelaide,TAS,65
142,Hannah,Miller,M,27,Sales,48894.81,2023-10-25,Brisbane,VIC,64
143,Hannah,Davis,O,54,HR,95658.79,2010-08-29,Perth,TAS,78
144,Hannah,Wilson,M,34,Finance,70559.55,2019-01-25,Adelaide,QLD,49
145,Fiona,Johnson,O,51,Sales,135503.58,2010-08-26,Melbourne,QLD,95
146,Bob,Smith,F,53,Finance,105008.05,2016-08-07,Adelaide,NSW,49
147,Bob,Wilson,O,48,Finance,83323.09,2018-10-16,Hobart,QLD,85
148,Charlie,Williams,F,33,IT,104307.75,2019-11-16,Sydney,WA,46
149,Diana,Johnson,F,55,Finance,103260.68,2013-04-02,Hobart,VIC,42
150,Bob,Williams,O,28,Marketing,137664.0,2015-03-13,Hobart,SA,85
151,Bob,Anderson,F,65,Sales,50123.16,2013-07-21,Adelaide,TAS,77
152,Ethan,Wilson,M,24,HR,50331.93,2020-05-27,Sydney,SA,76
153,Charlie,Brown,O,36,HR,98477.91,2022-11-01,Perth,NSW,91
154,Julia,Smith,M,22,Operations,71848.02,2013-11-10,Perth,SA,58
155,Alice,Jones,O,36,IT,136011.97,2014-09-12,Adelaide,WA,95
156,Fiona,Garcia,M,43,Finance,131574.16,2022-02-18,Sydney,SA,90
157,Alice,Garcia,F,36,Finance,102458.86,2011-07-25,Perth,WA,98
158,Diana,Wilson,O,45,IT,84439.24,2016-01-14,Hobart,TAS,93
159,Charlie,Garcia,M,49,Operations,142890.68,2013-06-29,Hobart,VIC,92
160,Julia,Smith,F,56,Finance,117791.2,2023-07-25,Brisbane,WA,61
161,Bob,Brown,O,58,IT,67224.45,2012-01-28,Adelaide,NSW,56
162,Ethan,Miller,O,53,Sales,119879.77,2012-08-09,Perth,VIC,70
163,Alice,Smith,O,56,Operations,55360.28,2015-09-20,Perth,VIC,86
164,Hannah,Garcia,F,55,Operations,113595.07,2023-06-17,Melbourne,VIC,88
165,Ethan,Miller,F,33,IT,75795.03,2014-07-30,Sydney,QLD,90
166,Bob,Miller,O,64,Marketing,126766.75,2023-06-17,Perth,VIC,95
167,Charlie,Wilson,M,65,Marketing,56812.94,2013-05-25,Perth,TAS,43
168,Hannah,Anderson,F,32,Marketing,112697.08,2017-09-11,Melbourne,NSW,59
169,Julia,Jones,O,29,Operations,123277.77,2018-04-29,Perth,TAS,46
170,Ivan,Williams,M,48,Finance,53217.45,2018-04-03,Hobart,WA,61
171,Charlie,Anderson,M,54,IT,122781.91,2013-12-21,Sydney,TAS,41
172,Fiona,Jones,F,40,Finance,141022.23,2017-04-04,Brisbane,WA,74
173,Julia,Jones,M,22,Sales,105032.27,2013-10-02,Hobart,NSW,51
174,George,Davis,F,64,Operations,114318.06,2017-12-11,Sydney,SA,98
175,Julia,Jones,M,25,Finance,118919.18,2022-05-19,Sydney,NSW,97
176,Diana,Davis,F,62,Finance,63818.57,2011-12-14,Hobart,SA,81
177,Fiona,Davis,M,23,Operations,130195.43,2020-12-30,Melbourne,VIC,75
178,Ethan,Wilson,M,50,HR,140661.62,2011-07-06,Perth,TAS,87
179,Alice,Miller,F,51,Sales,89749.22,2022-10-02,Melbourne,WA,42
180,Diana,Garcia,M,52,Operations,51085.54,2014-09-17,Brisbane,VIC,47
181,Julia,Garcia,M,44,Finance,45008.6,2024-10-23,Brisbane,QLD,44
182,Alice,Smith,M,37,Sales,49261.28,2019-06-28,Melbourne,SA,41
183,George,Smith,M,61,HR,122543.03,2010-02-05,Hobart,SA,62
184,Diana,Smith,F,51,Operations,75801.4,2022-08-03,Melbourne,QLD,65
185,Diana,Brown,M,58,Marketing,82205.12,2014-02-10,Hobart,WA,52
186,Diana,Johnson,F,51,Finance,143290.48,2019-02-17,Sydney,TAS,55
187,Julia,Brown,M,61,IT,54598.22,2024-01-15,Hobart,SA,59
188,Alice,Williams,F,61,Finance,110845.19,2017-11-20,Perth,SA,77
189,Diana,Williams,O,47,HR,131831.74,2024-05-05,Hobart,QLD,82
190,Julia,Garcia,M,35,Finance,107105.94,2023-09-09,Perth,SA,82
191,Julia,Brown,F,33,Sales,108388.38,2019-06-20,Perth,VIC,47
192,Diana,Miller,F,22,HR,115695.76,2023-01-18,Brisbane,TAS,45
193,Fiona,Jones,O,26,IT,77931.2,2013-07-07,Sydney,SA,97
194,Ivan,Johnson,O,58,Marketing,94919.69,2024-10-01,Perth,VIC,94
195,Bob,Davis,M,41,Sales,65433.11,2012-05-03,Melbourne,WA,78
196,Hannah,Wilson,O,47,Operations,68926.61,2023-09-06,Perth,VIC,42
197,Fiona,Jones,M,27,Operations,117966.41,2015-07-08,Adelaide,NSW,80
198,Fiona,Williams,F,43,IT,119531.49,2016-09-28,Melbourne,QLD,78
199,George,Garcia,O,50,Operations,147440.75,2010-09-28,Melbourne,VIC,89
200,Diana,Smith,M,30,IT,129564.46,2014-06-27,Sydney,WA,99
201,Bob,Johnson,M,34,Sales,65564.12,2010-05-20,Sydney,WA,48
202,George,Johnson,O,29,Marketing,49385.15,2013-04-27,Melbourne,TAS,82
203,Hannah,Jones,M,37,Operations,68923.91,2014-07-04,Hobart,QLD,96
204,Bob,Smith,M,30,HR,126155.21,2020-05-22,Hobart,QLD,65
205,Bob,Johnson,M,63,Sales,69791.65,2019-08-09,Sydney,QLD,74
206,Fiona,Miller,M,34,HR,63856.61,2011-01-10,Sydney,VIC,59
207,Ivan,Davis,O,43,Operations,56395.61,2012-11-15,Adelaide,WA,49
208,Fiona,Garcia,F,41,Operations,89117.2,2023-11-02,Brisbane,QLD,90
209,George,Jones,F,62,HR,80600.12,2018-08-13,Brisbane,SA,52
210,Bob,Wilson,F,55,HR,102555.71,2024-01-04,Perth,TAS,82
211,George,Davis,O,50,Marketing,83282.98,2012-05-19,Melbourne,QLD,52
212,Hannah,Johnson,F,32,Operations,66609.14,2018-06-22,Hobart,NSW,66
213,Julia,Anderson,M,61,Marketing,142448.28,2022-09-05,Brisbane,NSW,62
214,Ivan,Miller,F,27,HR,103865.94,2014-02-12,Perth,NSW,60
215,Charlie,Anderson,O,46,IT,74385.14,2024-05-03,Brisbane,TAS,53
216,George,Johnson,F,52,Sales,48341.56,2022-01-08,Sydney,TAS,47
217,Hannah,Johnson,M,52,Operations,132635.1,2010-02-19,Adelaide,TAS,77
218,Diana,Smith,O,24,IT,57138.71,2018-06-13,Sydney,NSW,90
219,George,Jones,M,54,Operations,119297.51,2016-11-01,Melbourne,QLD,42
220,Fiona,Brown,F,31,IT,54729.16,2022-01-09,Adelaide,NSW,71
221,Bob,Garcia,O,29,Operations,83127.14,2015-03-17,Melbourne,NSW,45
222,Bob,Johnson,O,49,Marketing,72643.58,2014-11-16,Brisbane,WA,98
223,George,Smith,O,36,HR,119868.2,2018-04-27,Sydney,SA,66
224,Hannah,Anderson,M,56,Operations,108309.98,2012-07-18,Hobart,QLD,56
225,Ethan,Garcia,M,60,IT,50196.01,2016-02-08,Sydney,WA,85
226,Charlie,Davis,F,64,Operations,141048.88,2010-04-12,Hobart,SA,69
227,Ethan,Miller,M,24,Finance,93185.7,2010-05-03,Melbourne,WA,48
228,Charlie,Smith,F,58,IT,96664.3,2017-09-23,Brisbane,QLD,90
229,Alice,Anderson,O,49,Finance,131672.49,2015-04-01,Adelaide,SA,74
230,Ethan,Anderson,F,47,Marketing,104106.78,2012-08-20,Melbourne,VIC,96
231,Hannah,Smith,M,26,Finance,67202.82,2012-04-03,Melbourne,VIC,67
232,Ivan,Smith,O,23,Sales,80337.5,2014-02-20,Melbourne,SA,74
233,Julia,Wilson,M,35,Sales,120386.04,2013-12-18,Hobart,QLD,91
234,Ivan,Garcia,O,29,IT,90879.34,2017-10-20,Brisbane,TAS,86
235,Ethan,Jones,M,39,IT,87482.29,2010-12-16,Brisbane,WA,44
236,Alice,Anderson,O,43,HR,92617.52,2014-05-31,Sydney,SA,96
237,Hannah,Wilson,F,23,Finance,76137.2,2022-05-06,Sydney,TAS,54
238,Ethan,Johnson,M,25,HR,139855.16,2011-11-13,Sydney,SA,51
239,Julia,Miller,F,32,Sales,116178.73,2012-01-21,Sydney,VIC,76
240,Fiona,Wilson,M,30,Operations,104418.65,2023-11-07,Hobart,NSW,94
241,Fiona,Johnson,M,55,Marketing,147810.77,2010-01-25,Melbourne,NSW,41
242,Fiona,Anderson,F,28,Operations,91618.14,2019-10-01,Melbourne,TAS,92
243,Charlie,Johnson,O,24,Marketing,140732.56,2017-07-31,Adelaide,VIC,72
244,Bob,Johnson,O,32,Finance,108446.14,2015-03-12,Adelaide,VIC,88
245,Diana,Williams,M,26,Operations,127251.48,2010-03-26,Melbourne,VIC,50
246,Ivan,Anderson,F,39,Sales,51708.43,2022-05-11,Hobart,WA,66
247,Bob,Williams,O,22,IT,146376.95,2011-06-16,Brisbane,WA,68
248,Julia,Garcia,F,29,Operations,46584.15,2013-12-31,Perth,WA,100
249,Ivan,Johnson,F,63,Finance,76598.18,2014-07-29,Brisbane,WA,84
250,George,Davis,O,22,IT,48458.61,2011-04-29,Brisbane,TAS,66
251,George,Miller,O,30,Marketing,53490.68,2024-07-20,Sydney,QLD,67
252,Charlie,Garcia,F,29,IT,54223.68,2013-01-22,Adelaide,QLD,76
253,Ethan,Johnson,O,61,HR,64965.32,2012-12-03,Hobart,SA,45
254,Ivan,Miller,F,42,Finance,60269.89,2011-05-08,Perth,QLD,74
255,Fiona,Smith,F,33,Operations,110890.88,2016-06-09,Perth,SA,58
256,Julia,Garcia,O,41,Sales,56007.93,2017-09-19,Perth,NSW,70
257,Ethan,Jones,M,61,HR,125002.88,2011-01-26,Perth,QLD,43
258,Julia,Wilson,O,22,Operations,116088.96,2024-01-20,Melbourne,NSW,79
259,Hannah,Miller,M,50,IT,109012.41,2012-05-13,Perth,QLD,93
260,Alice,Miller,M,31,Sales,137576.23,2021-06-25,Brisbane,TAS,70
261,Julia,Williams,M,31,Marketing,148089.63,2013-05-06,Perth,VIC,85
262,Fiona,Johnson,F,53,Marketing,98509.05,2013-12-26,Adelaide,SA,44
263,Bob,Williams,O,37,Sales,48559.78,2018-10-31,Hobart,TAS,64
264,Bob,Williams,F,34,IT,47164.76,2020-05-26,Hobart,QLD,64
265,Julia,Smith,F,23,HR,45984.43,2023-12-15,Hobart,VIC,92
266,Fiona,Wilson,F,52,Operations,144179.11,2020-03-01,Melbourne,SA,74
267,Julia,Miller,M,28,HR,131520.41,2023-03-23,Perth,QLD,48
268,Ivan,Johnson,M,42,IT,91097.06,2021-04-13,Brisbane,WA,45
269,Charlie,Anderson,M,47,Marketing,81647.03,2016-01-28,Melbourne,TAS,84
270,Charlie,Anderson,O,43,Marketing,134889.79,2022-10-17,Hobart,VIC,43
271,Charlie,Jones,F,64,HR,90458.75,2022-07-30,Melbourne,WA,61
272,Ethan,Johnson,M,59,Finance,67725.35,2021-06-21,Sydney,NSW,83
273,Ethan,Davis,F,41,Sales,73384.97,2016-05-04,Hobart,QLD,52
274,Hannah,Garcia,M,25,Operations,71380.79,2019-07-02,Perth,VIC,84
275,Diana,Johnson,F,64,Sales,73509.37,2014-07-14,Brisbane,QLD,63
276,Ethan,Garcia,O,38,Sales,71773.36,2018-08-27,Brisbane,WA,100
277,Julia,Garcia,O,42,IT,54272.14,2016-01-09,Perth,WA,76
278,Alice,Williams,F,48,Marketing,135291.99,2013-03-07,Perth,VIC,89
279,George,Williams,O,33,Finance,113597.27,2015-07-22,Perth,WA,44
280,Ethan,Miller,O,36,Operations,114199.37,2011-11-16,Hobart,NSW,40
281,Ethan,Smith,M,58,Finance,124594.69,2023-07-03,Melbourne,SA,99
282,Ethan,Smith,F,45,Operations,98822.83,2018-06-30,Brisbane,QLD,79
283,Diana,Wilson,O,62,Operations,138884.47,2022-03-28,Hobart,WA,42
284,Charlie,Garcia,F,36,Marketing,86075.0,2018-01-10,Perth,VIC,95
285,Ivan,Miller,O,52,Finance,81923.85,2023-08-29,Perth,NSW,67
286,Fiona,Anderson,O,51,Sales,47520.15,2011-02-20,Hobart,NSW,79
287,Ethan,Davis,O,55,Sales,140089.43,2015-11-20,Brisbane,VIC,98
288,George,Wilson,O,32,HR,68156.53,2014-11-10,Adelaide,TAS,87
289,Hannah,Wilson,O,60,IT,115406.38,2019-07-13,Melbourne,QLD,59
290,Diana,Anderson,F,56,HR,61585.8,2013-08-22,Hobart,TAS,91
291,Ivan,Smith,M,51,Finance,66317.19,2018-08-14,Perth,WA,50
292,Charlie,Jones,F,29,IT,95838.16,2018-07-13,Sydney,QLD,71
293,Hannah,Smith,O,57,Marketing,46295.48,2016-01-05,Adelaide,NSW,76
294,Hannah,Smith,F,45,Marketing,120349.1,2018-02-22,Melbourne,SA,80
295,Diana,Williams,F,45,HR,61455.43,2014-01-09,Brisbane,WA,82
296,Ivan,Wilson,F,49,Marketing,81012.16,2014-04-17,Sydney,QLD,61
297,Bob,Wilson,O,63,Marketing,115491.0,2014-03-27,Melbourne,WA,99
298,Fiona,Johnson,M,63,Operations,118877.41,2011-07-16,Brisbane,SA,68
299,Ethan,Jones,F,23,IT,108704.16,2013-01-21,Adelaide,TAS,91
300,Julia,Anderson,O,36,HR,65118.32,2016-04-11,Perth,NSW,72
301,Fiona,Smith,F,24,Finance,62441.6,2019-03-23,Adelaide,QLD,69
302,George,Smith,M,25,Marketing,119549.31,2018-08-02,Hobart,QLD,91
303,Diana,Anderson,F,51,HR,76110.82,2011-05-06,Perth,WA,100
304,Julia,Anderson,F,29,IT,135262.28,2014-05-02,Adelaide,TAS,70
305,Bob,Brown,F,46,HR,74316.11,2024-08-09,Brisbane,TAS,48
306,George,Jones,O,35,Sales,96549.69,2024-01-23,Perth,TAS,74
307,Diana,Anderson,M,22,Sales,110834.59,2012-12-04,Perth,VIC,99
308,Ethan,Johnson,M,32,IT,132404.6,2014-04-13,Hobart,WA,81
309,Alice,Jones,O,64,Operations,64926.51,2014-07-10,Adelaide,QLD,54
310,Bob,Smith,F,24,Marketing,103623.05,2011-12-15,Sydney,QLD,63
311,Fiona,Johnson,O,53,HR,135607.94,2010-10-23,Brisbane,VIC,40
312,Fiona,Anderson,M,28,IT,119118.21,2013-01-11,Perth,QLD,83
313,Ivan,Anderson,M,40,Sales,106113.31,2013-02-27,Hobart,QLD,90
314,Hannah,Johnson,O,39,HR,102717.48,2019-12-24,Sydney,TAS,97
315,Julia,Williams,O,63,Sales,89635.28,2022-11-11,Adelaide,TAS,54
316,Charlie,Miller,O,54,HR,77400.27,2011-03-12,Brisbane,SA,69
317,Ethan,Brown,M,30,Operations,45416.55,2024-12-12,Hobart,QLD,41
318,Fiona,Miller,M,35,Finance,131147.11,2010-03-11,Hobart,TAS,76
319,Alice,Miller,O,63,IT,70837.74,2024-01-08,Brisbane,TAS,41
320,Julia,Jones,M,28,Marketing,102212.34,2018-05-02,Perth,QLD,81
321,Charlie,Garcia,F,42,HR,119425.93,2011-04-22,Sydney,SA,44
322,George,Miller,F,33,Finance,56977.25,2021-08-21,Melbourne,QLD,75
323,Charlie,Wilson,O,62,HR,56147.69,2020-04-16,Sydney,TAS,93
324,Alice,Miller,O,29,Operations,139388.88,2016-05-12,Adelaide,WA,65
325,Ivan,Smith,O,35,Sales,142317.26,2015-09-11,Brisbane,TAS,96
326,Ivan,Johnson,M,34,Operations,142054.49,2017-07-10,Perth,TAS,45
327,George,Anderson,M,47,Operations,84615.98,2018-05-06,Brisbane,NSW,86
328,Charlie,Anderson,M,39,IT,73201.46,2020-09-15,Hobart,TAS,99
329,Charlie,Davis,F,45,Operations,143337.21,2021-08-07,Sydney,VIC,41
330,Bob,Garcia,F,27,Sales,72370.95,2024-02-17,Perth,NSW,95
331,Ethan,Miller,M,31,HR,131153.33,2024-01-23,Sydney,NSW,75
332,Julia,Jones,O,29,Finance,138066.49,2011-07-18,Brisbane,QLD,41
333,Ivan,Smith,M,46,HR,134997.53,2012-09-18,Adelaide,TAS,68
334,Julia,Wilson,O,46,Operations,57293.41,2020-03-07,Melbourne,SA,89
335,Bob,Davis,M,57,Sales,47445.28,2011-11-29,Hobart,WA,91
336,Julia,Williams,F,42,Sales,110083.6,2013-10-21,Sydney,QLD,60
337,Alice,Johnson,F,56,IT,112070.85,2016-08-04,Sydney,NSW,96
338,Diana,Smith,F,24,Sales,62130.56,2017-11-29,Melbourne,VIC,43
339,Ethan,Smith,O,54,Finance,89708.55,2023-06-01,Adelaide,SA,91
340,Diana,Davis,F,35,Finance,60849.95,2013-03-08,Perth,TAS,80
341,Bob,Brown,F,59,HR,108599.13,2023-05-06,Brisbane,NSW,85
342,Ethan,Garcia,M,65,Sales,110220.2,2016-06-05,Perth,SA,88
343,Ethan,Jones,F,32,Finance,72362.66,2024-12-11,Melbourne,VIC,89
344,Julia,Jones,M,47,Marketing,47541.54,2011-11-09,Melbourne,NSW,96
345,Diana,Smith,M,40,Marketing,80263.33,2018-09-23,Hobart,SA,80
346,Alice,Anderson,F,47,HR,95870.03,2010-09-29,Hobart,WA,99
347,Hannah,Anderson,M,56,Sales,98897.51,2019-09-18,Sydney,QLD,82
348,Ethan,Williams,M,29,Operations,120855.0,2015-06-28,Adelaide,NSW,88
349,Ivan,Brown,O,34,Sales,90486.17,2024-10-28,Hobart,NSW,98
350,Charlie,Williams,M,44,Sales,123591.34,2019-06-01,Perth,SA,57
351,Hannah,Smith,F,49,Finance,142028.49,2011-04-20,Melbourne,NSW,96
352,Ivan,Wilson,F,64,Marketing,105727.73,2012-11-04,Perth,WA,71
353,Ivan,Miller,M,64,IT,89860.92,2013-07-10,Melbourne,TAS,74
354,Fiona,Anderson,F,62,IT,83862.92,2022-08-27,Perth,QLD,84
355,Ivan,Anderson,O,64,Operations,147208.34,2010-07-26,Perth,NSW,94
356,George,Williams,F,37,Marketing,121512.26,2011-09-28,Melbourne,QLD,72
357,Bob,Davis,F,44,Operations,142142.47,2010-07-01,Brisbane,TAS,67
358,Ivan,Davis,M,49,HR,124448.19,2021-07-21,Adelaide,SA,75
359,Ivan,Wilson,M,26,Operations,86928.83,2013-11-10,Adelaide,TAS,44
360,Charlie,Miller,F,28,HR,120425.35,2010-01-28,Hobart,QLD,71
361,Diana,Brown,O,29,IT,66703.7,2014-08-27,Melbourne,TAS,41
362,Fiona,Brown,F,58,Sales,117193.8,2021-03-26,Melbourne,QLD,59
363,Ivan,Miller,M,46,Marketing,134210.79,2023-06-13,Brisbane,VIC,79
364,Diana,Jones,M,50,Marketing,49697.59,2011-02-21,Hobart,VIC,84
365,Ethan,Brown,M,40,IT,67637.7,2015-07-31,Brisbane,SA,98
366,Fiona,Davis,F,22,Sales,93074.24,2019-06-05,Sydney,TAS,93
367,George,Jones,M,40,IT,52556.25,2020-06-02,Hobart,TAS,50
368,Fiona,Davis,M,64,IT,82875.42,2023-04-20,Hobart,SA,81
369,Fiona,Miller,M,30,Operations,99440.7,2023-04-01,Sydney,NSW,44
370,Bob,Miller,M,36,IT,128951.91,2013-02-24,Melbourne,TAS,85
371,George,Brown,M,25,Marketing,137159.8,2022-02-10,Melbourne,WA,42
372,Ethan,Anderson,F,43,IT,52399.9,2017-06-06,Adelaide,NSW,56
373,George,Johnson,F,57,HR,54855.64,2022-03-30,Adelaide,NSW,80
374,Fiona,Wilson,M,37,Marketing,142212.16,2012-02-02,Melbourne,TAS,45
375,Hannah,Johnson,M,31,IT,103179.86,2018-02-26,Melbourne,TAS,71
376,Bob,Miller,M,60,Marketing,60829.61,2018-03-13,Brisbane,QLD,95
377,Fiona,Garcia,O,57,Sales,103683.05,2019-04-15,Adelaide,QLD,95
378,Bob,Jones,O,54,HR,110585.12,2020-03-06,Sydney,SA,57
379,George,Garcia,O,34,Operations,92052.36,2014-08-28,Adelaide,VIC,79
380,Charlie,Williams,O,61,Finance,121063.88,2020-02-26,Perth,QLD,47
381,Ethan,Garcia,O,53,HR,115789.57,2022-04-22,Sydney,NSW,51
382,Diana,Davis,O,54,IT,125888.37,2023-10-13,Hobart,NSW,96
383,Diana,Williams,M,46,Sales,117218.65,2018-07-08,Brisbane,SA,76
384,Hannah,Smith,F,40,Finance,112806.89,2010-07-01,Hobart,WA,100
385,Fiona,Johnson,M,60,Finance,62457.59,2017-03-17,Adelaide,WA,80
386,Ivan,Jones,O,27,Marketing,77642.11,2023-10-28,Adelaide,VIC,78
387,Diana,Brown,M,47,IT,105672.46,2024-04-22,Perth,VIC,88
388,Charlie,Wilson,M,50,Operations,95797.18,2023-02-23,Perth,QLD,63
389,Ivan,Anderson,O,28,Sales,79656.23,2018-08-07,Perth,QLD,79
390,Ivan,Miller,O,51,Finance,99312.52,2023-07-10,Melbourne,QLD,82
391,Ethan,Wilson,O,39,HR,93321.32,2022-11-01,Melbourne,TAS,67
392,George,Williams,F,32,HR,131675.53,2018-10-13,Hobart,QLD,50
393,Ivan,Miller,M,22,Operations,119986.95,2011-01-17,Sydney,NSW,48
394,Ivan,Brown,O,27,HR,64650.79,2012-11-18,Perth,TAS,76
395,Fiona,Miller,O,30,Operations,135340.42,2017-11-29,Hobart,WA,73
396,Alice,Davis,O,30,Finance,75199.07,2011-02-15,Brisbane,VIC,76
397,George,Miller,M,55,Marketing,96748.14,2010-07-21,Perth,TAS,71
398,Fiona,Williams,O,45,IT,87120.03,2010-06-01,Melbourne,NSW,58
399,Ivan,Miller,F,54,Finance,116780.73,2017-09-04,Hobart,VIC,48
400,George,Garcia,F,37,IT,52509.89,2011-12-13,Sydney,SA,75
401,Hannah,Davis,O,41,Sales,138205.77,2012-12-28,Sydney,QLD,59
402,Diana,Brown,F,23,Marketing,77033.85,2011-03-19,Perth,WA,50
403,George,Garcia,M,59,Marketing,84497.91,2010-02-11,Brisbane,VIC,52
404,Bob,Garcia,O,52,IT,72684.96,2024-11-05,Sydney,TAS,94
405,Bob,Anderson,M,49,Finance,85609.8,2016-05-12,Sydney,QLD,43
406,Julia,Brown,M,30,Marketing,61910.98,2024-02-19,Adelaide,VIC,50
407,Fiona,Garcia,M,62,IT,60090.26,2023-02-06,Perth,QLD,92
408,Diana,Garcia,O,26,IT,88795.88,2011-04-21,Hobart,QLD,84
409,Fiona,Miller,M,25,Sales,142845.02,2020-07-13,Sydney,VIC,89
410,Ethan,Garcia,O,55,Finance,136536.88,2018-03-09,Perth,WA,66
411,Ivan,Brown,M,64,HR,64021.19,2014-05-25,Brisbane,NSW,98
412,Bob,Miller,F,63,Operations,50197.88,2013-07-17,Sydney,QLD,42
413,Julia,Smith,F,64,HR,93423.35,2012-07-05,Adelaide,QLD,86
414,Ivan,Brown,F,62,IT,116486.02,2023-08-19,Perth,QLD,87
415,Fiona,Johnson,M,65,Operations,130505.97,2020-10-24,Sydney,WA,60
416,Diana,Miller,O,63,Operations,48025.58,2023-06-23,Hobart,QLD,73
417,Fiona,Brown,F,51,Finance,87563.39,2021-08-07,Hobart,NSW,81
418,Charlie,Johnson,F,39,Finance,93652.42,2021-03-10,Perth,VIC,100
419,Julia,Anderson,F,26,HR,110792.76,2016-03-14,Adelaide,TAS,94
420,Charlie,Smith,F,22,Sales,81598.59,2023-01-07,Hobart,WA,62
421,Diana,Williams,O,24,Marketing,124487.78,2014-07-09,Melbourne,TAS,98
422,Julia,Jones,O,57,Sales,149674.71,2010-10-26,Adelaide,WA,71
423,Julia,Wilson,O,31,Marketing,113076.02,2016-12-23,Perth,QLD,66
424,Ivan,Johnson,F,41,Finance,82268.97,2016-12-22,Hobart,VIC,70
425,George,Anderson,M,58,HR,146607.9,2016-10-30,Melbourne,VIC,80
426,Bob,Davis,M,45,Marketing,143527.94,2011-07-12,Sydney,TAS,78
427,Fiona,Anderson,O,30,Finance,46567.95,2021-12-03,Hobart,WA,44
428,George,Miller,F,56,Marketing,49904.85,2020-09-05,Melbourne,WA,41
429,Hannah,Williams,M,45,HR,106244.21,2015-07-06,Perth,NSW,55
430,Ethan,Davis,M,57,IT,84393.19,2017-04-18,Hobart,QLD,71
431,Bob,Williams,M,59,Finance,86498.44,2010-05-25,Adelaide,VIC,64
432,Ivan,Wilson,O,49,Operations,131941.49,2010-03-16,Sydney,WA,44
433,Fiona,Anderson,O,58,Finance,131034.56,2021-02-04,Brisbane,NSW,98
434,Fiona,Anderson,F,56,IT,70605.6,2011-03-28,Melbourne,QLD,98
435,Hannah,Jones,F,24,Finance,65653.79,2014-03-31,Melbourne,QLD,45
436,Alice,Wilson,F,25,Marketing,128884.97,2014-10-09,Melbourne,QLD,85
437,Alice,Wilson,O,48,IT,50546.92,2017-07-30,Sydney,QLD,68
438,Bob,Brown,O,28,HR,117735.39,2015-02-25,Perth,VIC,64
439,George,Jones,F,54,IT,61920.05,2011-03-31,Adelaide,QLD,95
440,Ivan,Anderson,M,54,Finance,143808.47,2013-10-06,Sydney,QLD,99
441,Bob,Smith,F,38,HR,104352.69,2024-11-22,Hobart,QLD,53
442,Ivan,Brown,F,30,Finance,52147.75,2012-11-15,Sydney,TAS,87
443,Fiona,Brown,M,48,Finance,75833.38,2017-05-03,Adelaide,VIC,73
444,Julia,Johnson,O,62,IT,136465.7,2016-11-05,Brisbane,VIC,67
445,Ethan,Anderson,M,45,Operations,99557.02,2021-04-07,Hobart,WA,97
446,Alice,Johnson,M,22,Operations,134764.46,2016-04-25,Hobart,SA,55
447,Julia,Wilson,O,26,Sales,102607.28,2022-03-11,Melbourne,TAS,66
448,George,Anderson,F,56,HR,51693.06,2022-01-20,Brisbane,NSW,53
449,Fiona,Miller,M,43,Operations,66550.96,2018-01-12,Brisbane,SA,42
450,Hannah,Smith,M,53,Operations,146831.3,2019-03-16,Perth,QLD,87
451,Alice,Jones,O,60,Marketing,58987.44,2016-03-25,Melbourne,VIC,95
452,Alice,Jones,M,41,Marketing,107322.98,2024-01-06,Perth,WA,71
453,Fiona,Garcia,M,44,Operations,131919.57,2010-03-03,Melbourne,TAS,100
454,Ivan,Brown,M,62,Marketing,95606.87,2019-10-08,Brisbane,VIC,98
455,Ethan,Miller,F,55,Finance,48648.5,2012-10-29,Sydney,QLD,65
456,Bob,Johnson,O,24,Finance,113299.02,2011-03-28,Adelaide,WA,51
457,Alice,Davis,M,31,Finance,78164.46,2017-05-10,Brisbane,QLD,75
458,Charlie,Anderson,M,31,Operations,115270.0,2020-12-30,Perth,WA,50
459,Ethan,Smith,F,61,Marketing,49364.37,2012-10-11,Perth,TAS,44
460,George,Garcia,O,45,Marketing,67880.36,2015-12-15,Hobart,SA,57
461,Hannah,Brown,M,56,Marketing,53908.5,2023-03-25,Hobart,TAS,52
462,Alice,Jones,M,56,HR,72843.68,2021-05-23,Melbourne,WA,92
463,George,Anderson,M,49,Finance,125922.78,2022-08-08,Melbourne,WA,82
464,Hannah,Garcia,F,35,Marketing,135131.19,2019-02-21,Brisbane,QLD,63
465,Hannah,Miller,F,28,Operations,89183.51,2018-04-23,Melbourne,SA,75
466,Fiona,Johnson,F,28,Sales,66515.88,2023-03-17,Hobart,TAS,68
467,Bob,Smith,O,61,Finance,48750.11,2012-06-06,Perth,QLD,68
468,Ivan,Johnson,O,35,Sales,108188.11,2011-01-29,Perth,SA,72
469,Julia,Garcia,O,26,IT,134620.61,2017-09-08,Melbourne,VIC,66
470,Charlie,Jones,F,44,Marketing,93352.04,2017-01-13,Hobart,WA,100
471,Charlie,Johnson,O,45,Operations,87956.19,2022-12-03,Hobart,SA,79
472,Diana,Johnson,O,52,Marketing,64856.53,2020-08-05,Hobart,WA,68
473,Fiona,Davis,M,59,Sales,89673.26,2023-06-17,Perth,WA,43
474,George,Miller,F,31,Marketing,90856.07,2013-11-15,Hobart,QLD,71
475,Charlie,Davis,O,24,HR,83343.51,2011-06-15,Adelaide,VIC,69
476,Diana,Davis,F,42,HR,141817.45,2022-05-23,Adelaide,NSW,63
477,Diana,Wilson,F,54,Sales,51777.86,2016-09-08,Perth,NSW,63
478,Alice,Jones,O,57,IT,63009.98,2011-09-04,Hobart,VIC,98
479,Hannah,Miller,O,56,Operations,60677.69,2015-10-03,Hobart,VIC,69
480,Ivan,Miller,F,23,HR,104377.2,2020-03-25,Brisbane,VIC,73
481,Bob,Miller,M,42,Marketing,73373.97,2013-10-22,Brisbane,SA,46
482,Fiona,Smith,F,51,Marketing,100500.72,2015-12-09,Sydney,WA,58
483,Charlie,Miller,O,27,Operations,67351.39,2019-03-07,Melbourne,QLD,63
484,Ethan,Brown,O,29,Marketing,71917.68,2018-01-25,Brisbane,NSW,52
485,Hannah,Wilson,O,37,Finance,107946.3,2022-08-24,Melbourne,QLD,68
486,Julia,Davis,M,63,Sales,67944.18,2021-08-30,Melbourne,VIC,78
487,Charlie,Wilson,M,44,Finance,55080.63,2013-08-04,Hobart,QLD,78
488,Charlie,Johnson,M,64,IT,112832.79,2024-11-14,Brisbane,QLD,91
489,Bob,Davis,F,36,HR,72913.69,2016-02-23,Melbourne,VIC,46
490,Alice,Johnson,O,45,IT,96346.0,2012-07-08,Adelaide,QLD,42
491,Hannah,Brown,F,62,Finance,132612.84,2019-03-21,Sydney,TAS,81
492,Fiona,Brown,M,48,Marketing,94564.72,2015-08-29,Perth,VIC,73
493,Bob,Garcia,M,27,Marketing,64043.25,2024-11-08,Adelaide,QLD,58
494,Alice,Garcia,M,29,Operations,123466.91,2013-04-14,Adelaide,QLD,87
495,Charlie,Williams,M,40,Operations,86227.96,2014-01-24,Adelaide,VIC,44
496,Charlie,Miller,M,45,Finance,89000.97,2011-06-27,Melbourne,QLD,52
497,Ethan,Garcia,O,37,Finance,104035.08,2024-10-28,Sydney,TAS,53
498,Ivan,Davis,M,23,Marketing,134414.6,2017-03-28,Sydney,TAS,44
499,Diana,Wilson,O,28,Finance,136596.2,2014-04-06,Sydney,VIC,83
500,Ivan,Miller,O,43,Operations,81862.3,2014-04-14,Hobart,SA,53
501,Alice,Anderson,O,29,IT,107913.47,2013-08-28,Sydney,WA,47
502,Hannah,Garcia,O,65,Finance,133190.04,2023-09-20,Brisbane,TAS,83
503,Ivan,Anderson,O,24,Marketing,66504.77,2010-11-18,Hobart,QLD,53
504,Charlie,Smith,F,22,Finance,69528.62,2021-08-11,Hobart,TAS,46
505,Alice,Smith,M,28,Finance,107123.71,2011-12-09,Brisbane,TAS,43
506,Bob,Smith,O,30,Finance,75759.68,2013-12-10,Brisbane,NSW,53
507,George,Brown,F,57,IT,120287.93,2017-01-08,Sydney,SA,43
508,Ivan,Smith,F,23,Sales,74701.15,2022-11-16,Perth,TAS,80
509,Ethan,Brown,O,42,IT,138751.12,2010-09-21,Sydney,WA,41
510,Hannah,Davis,M,60,IT,84493.54,2015-07-26,Adelaide,VIC,87
511,Fiona,Anderson,M,63,IT,123282.89,2012-11-18,Hobart,TAS,86
512,Hannah,Miller,M,54,IT,81343.16,2022-11-01,Adelaide,SA,53
513,Julia,Brown,O,34,Marketing,77922.19,2017-05-01,Sydney,SA,54
514,Hannah,Smith,F,26,IT,130007.81,2019-07-16,Sydney,VIC,84
515,Fiona,Anderson,M,37,Sales,104588.95,2013-06-17,Hobart,VIC,55
516,George,Jones,F,60,Marketing,111613.57,2013-11-21,Brisbane,TAS,88
517,Alice,Smith,M,56,Marketing,109153.9,2015-10-24,Perth,TAS,82
518,Ethan,Wilson,M,22,Operations,56375.52,2023-12-22,Melbourne,TAS,40
519,Charlie,Brown,O,47,HR,68837.89,2012-11-30,Perth,QLD,76
520,Diana,Davis,O,30,Sales,51860.75,2013-03-24,Sydney,VIC,72
521,Ivan,Williams,F,51,Operations,138080.52,2019-02-09,Melbourne,VIC,67
522,Fiona,Jones,F,51,Operations,123755.9,2016-07-25,Perth,VIC,98
523,Hannah,Wilson,O,56,Sales,114569.1,2010-03-15,Sydney,VIC,93
524,Fiona,Jones,F,55,IT,76342.25,2015-03-11,Hobart,TAS,48
525,Alice,Wilson,M,31,Sales,133273.75,2022-01-19,Adelaide,NSW,57
526,George,Williams,F,63,Sales,84673.14,2023-12-23,Perth,TAS,83
527,Bob,Garcia,F,54,HR,134113.97,2011-07-07,Perth,TAS,40
528,Bob,Jones,O,26,Sales,135233.45,2021-11-09,Brisbane,QLD,59
529,Alice,Wilson,M,23,Operations,46288.52,2023-10-31,Adelaide,TAS,61
530,Charlie,Smith,O,33,IT,68735.48,2022-09-06,Adelaide,WA,78
531,Hannah,Williams,O,37,Operations,52960.66,2024-03-01,Sydney,QLD,85
532,Alice,Wilson,O,57,Finance,67381.04,2024-11-09,Perth,VIC,48
533,Bob,Jones,F,36,IT,114940.93,2019-03-30,Melbourne,TAS,84
534,Ivan,Jones,F,35,Finance,135261.84,2013-12-10,Sydney,SA,100
535,Diana,Jones,F,44,IT,108587.45,2023-01-12,Melbourne,SA,92
536,George,Johnson,O,65,Marketing,121117.85,2024-12-31,Melbourne,NSW,52
537,Diana,Brown,F,50,IT,121381.97,2020-02-26,Sydney,QLD,84
538,George,Miller,F,53,IT,77686.31,2024-10-11,Sydney,TAS,78
539,Ethan,Smith,M,32,Finance,90041.95,2021-10-18,Brisbane,WA,44
540,Fiona,Garcia,O,51,Marketing,111871.32,2020-07-23,Adelaide,NSW,78
541,Fiona,Smith,M,59,Operations,102528.55,2018-12-14,Adelaide,WA,46
542,Julia,Brown,O,54,Marketing,117487.51,2012-03-14,Perth,NSW,61
543,Julia,Jones,O,57,Operations,128516.86,2024-07-18,Sydney,VIC,76
544,Hannah,Davis,M,52,Sales,96682.67,2013-11-29,Sydney,NSW,95
545,Ethan,Smith,M,50,Operations,91252.72,2024-02-26,Melbourne,QLD,50
546,Charlie,Brown,M,24,Sales,101775.55,2022-07-25,Melbourne,NSW,75
547,Ivan,Davis,F,60,Operations,80433.15,2012-12-29,Perth,WA,78
548,George,Jones,O,31,Operations,75462.28,2019-02-27,Perth,QLD,62
549,Bob,Garcia,M,28,HR,133849.3,2010-02-04,Perth,WA,58
550,Alice,Smith,O,24,Operations,147366.59,2011-07-24,Hobart,SA,55
551,Bob,Williams,O,45,Finance,72598.8,2013-08-07,Melbourne,SA,88
552,Charlie,Wilson,F,42,Sales,80363.92,2015-04-10,Hobart,VIC,49
553,George,Johnson,O,42,IT,118859.92,2021-03-26,Adelaide,QLD,42
554,Diana,Smith,M,50,Sales,62911.45,2013-12-18,Sydney,TAS,66
555,Ethan,Anderson,F,29,Marketing,101240.92,2024-01-28,Adelaide,TAS,88
556,Julia,Garcia,M,59,Marketing,129113.2,2016-01-13,Brisbane,QLD,78
557,Ivan,Garcia,M,52,Marketing,50689.04,2017-11-10,Melbourne,QLD,68
558,Ethan,Smith,M,61,Sales,100298.61,2010-01-07,Sydney,TAS,66
559,Alice,Miller,F,25,Sales,79994.98,2020-08-25,Brisbane,WA,83
560,Julia,Jones,M,61,Marketing,45341.58,2023-06-18,Adelaide,NSW,59
561,Julia,Wilson,O,33,HR,83724.48,2022-10-09,Sydney,VIC,69
562,Charlie,Wilson,M,26,Finance,77403.37,2012-02-26,Sydney,WA,99
563,Fiona,Smith,M,52,Operations,85219.46,2011-12-09,Hobart,WA,40
564,Hannah,Williams,M,58,HR,145145.04,2024-07-12,Adelaide,SA,45
565,Fiona,Williams,F,30,IT,96311.18,2019-07-13,Hobart,QLD,82
566,Bob,Davis,O,60,Operations,93137.87,2012-01-21,Brisbane,TAS,69
567,Ivan,Johnson,F,24,Finance,100656.48,2014-03-04,Adelaide,SA,68
568,Bob,Garcia,F,62,HR,83362.5,2010-10-12,Brisbane,QLD,63
569,Julia,Wilson,O,30,Sales,48543.01,2010-08-22,Adelaide,QLD,41
570,George,Miller,F,50,Operations,141211.67,2020-01-26,Hobart,NSW,88
571,Diana,Anderson,F,23,Finance,45133.56,2024-07-10,Perth,NSW,100
572,Julia,Smith,M,36,Finance,62451.84,2016-10-26,Sydney,WA,99
573,Ivan,Davis,F,54,HR,86122.31,2012-12-06,Perth,SA,63
574,George,Wilson,M,59,Finance,107016.76,2023-09-17,Adelaide,QLD,98
575,Julia,Smith,O,64,Finance,117486.21,2015-11-01,Hobart,NSW,86
576,Ethan,Miller,O,34,Sales,108213.58,2014-11-11,Sydney,QLD,76
577,Ivan,Davis,O,51,Marketing,89237.73,2017-11-22,Melbourne,SA,40
578,Charlie,Miller,F,22,Operations,145470.24,2015-04-09,Perth,NSW,53
579,Julia,Davis,F,33,Operations,143552.39,2021-10-02,Hobart,VIC,98
580,Ethan,Wilson,O,44,Operations,71522.04,2021-03-15,Brisbane,SA,79
581,Bob,Davis,M,63,IT,149156.85,2021-04-17,Melbourne,WA,97
582,Alice,Davis,F,65,HR,61971.6,2024-06-17,Brisbane,QLD,86
583,Alice,Smith,M,56,Operations,49346.1,2012-03-17,Melbourne,NSW,89
584,George,Davis,O,24,Operations,57958.06,2019-11-05,Melbourne,VIC,68
585,George,Garcia,M,48,Operations,134303.24,2021-12-17,Melbourne,NSW,89
586,Alice,Brown,O,52,IT,48858.04,2024-07-02,Brisbane,QLD,90
587,Hannah,Anderson,F,60,HR,57077.38,2024-06-26,Sydney,SA,52
588,George,Davis,O,59,IT,63388.2,2010-07-10,Adelaide,VIC,54
589,Hannah,Anderson,M,56,Sales,114307.43,2019-10-04,Brisbane,TAS,71
590,Hannah,Wilson,M,43,Operations,99238.87,2014-07-14,Brisbane,NSW,99
591,George,Johnson,O,30,Marketing,127085.29,2024-09-21,Perth,QLD,69
592,Hannah,Wilson,M,29,Finance,52426.22,2020-03-30,Brisbane,QLD,87
593,Alice,Williams,F,27,IT,102680.89,2015-11-03,Melbourne,QLD,45
594,Alice,Garcia,M,34,Marketing,77741.95,2018-01-28,Hobart,NSW,87
595,Fiona,Williams,F,31,Finance,117677.83,2024-12-12,Adelaide,SA,57
596,George,Anderson,M,29,Marketing,85518.15,2015-02-11,Sydney,WA,66
597,Fiona,Garcia,M,56,Operations,47422.08,2012-05-28,Melbourne,WA,86
598,Charlie,Williams,F,58,Finance,149410.43,2012-12-22,Brisbane,QLD,61
599,Diana,Garcia,F,62,Operations,147145.09,2022-12-30,Melbourne,QLD,56
600,Julia,Wilson,F,45,Finance,121670.22,2012-12-12,Adelaide,QLD,75
601,George,Smith,F,31,Operations,125479.27,2013-09-19,Perth,TAS,69
602,Diana,Brown,F,24,HR,83648.66,2015-08-20,Perth,NSW,46
603,Bob,Wilson,O,34,IT,52158.27,2022-06-27,Adelaide,QLD,48
604,Diana,Williams,M,23,Marketing,100071.99,2019-04-29,Sydney,SA,46
605,George,Smith,O,45,HR,65348.6,2014-09-18,Melbourne,NSW,63
606,Alice,Miller,M,33,IT,112469.12,2018-05-06,Adelaide,WA,83
607,Diana,Garcia,M,34,IT,50039.91,2018-03-19,Adelaide,NSW,85
608,George,Jones,M,46,Sales,82019.92,2023-01-30,Perth,TAS,97
609,Charlie,Jones,O,45,Operations,120101.82,2015-02-02,Adelaide,NSW,42
610,Fiona,Brown,O,50,Marketing,74008.09,2010-10-13,Perth,SA,66
611,Hannah,Smith,M,33,Sales,49479.73,2011-04-05,Hobart,VIC,90
612,George,Miller,M,64,IT,145512.6,2015-06-30,Hobart,VIC,93
613,George,Garcia,O,45,Operations,98816.06,2021-06-02,Melbourne,TAS,50
614,George,Johnson,M,43,Operations,83239.53,2011-03-23,Sydney,SA,49
615,Diana,Williams,F,56,Operations,94846.03,2013-03-30,Adelaide,VIC,53
616,Charlie,Garcia,F,57,Marketing,82053.28,2015-07-09,Brisbane,NSW,81
617,George,Jones,O,24,IT,98535.18,2016-05-13,Sydney,NSW,64
618,Diana,Wilson,M,55,Operations,149692.46,2014-10-19,Hobart,NSW,66
619,Bob,Anderson,O,58,Sales,120099.59,2011-03-15,Adelaide,SA,88
620,Alice,Brown,F,44,Finance,64287.77,2020-01-12,Perth,QLD,69
621,Bob,Anderson,O,65,Sales,108420.65,2019-08-08,Perth,NSW,88
622,George,Smith,F,46,Sales,50534.4,2018-02-17,Sydney,VIC,72
623,Julia,Williams,M,65,Marketing,67896.09,2024-06-14,Melbourne,SA,43
624,Ethan,Smith,M,29,IT,117562.89,2015-07-11,Sydney,TAS,59
625,Bob,Davis,M,40,Marketing,108894.46,2016-11-16,Sydney,SA,61
626,Alice,Anderson,O,63,Finance,81782.95,2018-10-16,Perth,SA,85
627,Alice,Jones,O,61,Sales,92274.31,2010-02-18,Hobart,TAS,60
628,Alice,Williams,F,38,Operations,117794.31,2014-01-12,Sydney,WA,96
629,Bob,Smith,M,47,Operations,113023.7,2024-02-24,Sydney,NSW,67
630,Diana,Anderson,M,41,IT,53777.14,2023-12-01,Perth,VIC,63
631,Charlie,Davis,M,42,HR,135187.73,2013-11-27,Melbourne,QLD,85
632,Hannah,Jones,O,48,Operations,124122.22,2012-01-28,Hobart,WA,72
633,Alice,Smith,M,54,HR,121296.03,2019-11-02,Sydney,SA,64
634,Ethan,Brown,M,57,HR,75071.31,2017-12-29,Sydney,TAS,79
635,Ivan,Brown,M,35,Finance,110551.83,2013-03-27,Adelaide,WA,83
636,Fiona,Anderson,F,34,IT,134410.12,2024-07-12,Sydney,TAS,56
637,Ethan,Miller,M,31,Finance,46014.1,2024-01-09,Perth,QLD,67
638,Hannah,Johnson,M,37,Operations,135845.32,2021-12-21,Hobart,WA,80
639,Bob,Jones,F,65,HR,145270.26,2015-09-03,Perth,VIC,56
640,Charlie,Brown,O,27,IT,145630.09,2018-09-14,Melbourne,TAS,74
641,George,Anderson,M,58,HR,63483.49,2011-12-05,Sydney,QLD,62
642,Charlie,Brown,F,54,HR,134834.03,2014-06-18,Adelaide,NSW,49
643,Bob,Garcia,M,60,IT,98627.72,2019-05-06,Perth,TAS,71
644,Alice,Brown,F,32,Operations,46281.71,2010-12-17,Perth,SA,42
645,Diana,Smith,M,25,HR,77368.9,2015-02-28,Adelaide,SA,85
646,George,Smith,F,46,Finance,92831.02,2019-07-26,Adelaide,SA,45
647,Ivan,Garcia,M,60,Marketing,104959.44,2020-08-30,Sydney,WA,67
648,Ivan,Wilson,M,65,Sales,86617.14,2013-04-18,Hobart,QLD,89
649,Bob,Brown,O,29,HR,128950.79,2019-08-17,Perth,TAS,92
650,Bob,Anderson,M,36,Marketing,118729.49,2014-09-17,Sydney,WA,100
651,Fiona,Smith,M,26,Marketing,45584.91,2017-09-17,Brisbane,TAS,53
652,Hannah,Jones,O,53,Marketing,64907.42,2015-10-19,Adelaide,QLD,47
653,Ethan,Anderson,O,41,Operations,84312.76,2016-04-10,Melbourne,SA,95
654,George,Miller,F,48,IT,111991.54,2017-12-19,Perth,WA,68
655,Diana,Miller,F,47,Marketing,73300.78,2024-10-22,Sydney,SA,49
656,Julia,Jones,F,36,Marketing,46511.1,2024-05-21,Melbourne,WA,49
657,Alice,Brown,F,27,IT,125227.1,2018-12-12,Adelaide,NSW,55
658,Ethan,Johnson,F,50,IT,75882.08,2011-11-07,Sydney,VIC,96
659,Charlie,Smith,O,25,HR,61116.0,2020-01-08,Melbourne,WA,86
660,Charlie,Wilson,F,32,IT,62001.18,2017-05-11,Adelaide,SA,67
661,Charlie,Jones,M,24,IT,130287.13,2023-11-12,Melbourne,TAS,54
662,Fiona,Wilson,F,28,HR,101847.08,2015-08-27,Perth,VIC,87
663,Diana,Jones,F,60,IT,109563.64,2024-03-08,Hobart,SA,61
664,Bob,Johnson,O,60,Marketing,127130.22,2017-06-26,Sydney,NSW,69
665,Fiona,Miller,O,33,Finance,117194.44,2010-09-05,Brisbane,VIC,77
666,George,Smith,M,44,Operations,85096.43,2012-09-11,Perth,WA,94
667,Fiona,Miller,F,22,Marketing,59349.91,2013-06-04,Sydney,WA,45
668,Alice,Johnson,O,61,IT,145271.84,2018-04-30,Adelaide,WA,75
669,Ethan,Anderson,F,29,Finance,121373.82,2023-06-30,Brisbane,NSW,96
670,Julia,Williams,F,65,Sales,51068.81,2012-08-04,Hobart,TAS,65
671,George,Smith,M,51,Finance,125204.13,2010-12-05,Brisbane,QLD,81
672,Bob,Johnson,M,37,IT,48477.56,2022-11-28,Melbourne,QLD,76
673,Diana,Williams,O,49,Operations,147112.94,2010-11-05,Hobart,TAS,53
674,Ethan,Williams,O,63,Marketing,143460.7,2023-05-04,Perth,VIC,86
675,Charlie,Davis,O,42,HR,124668.11,2021-03-19,Perth,TAS,76
676,Hannah,Johnson,O,24,Operations,146940.16,2023-02-15,Brisbane,VIC,47
677,Bob,Johnson,M,35,Marketing,92074.76,2013-04-14,Sydney,WA,93
678,Alice,Miller,F,48,Marketing,61996.15,2017-02-20,Adelaide,NSW,40
679,Fiona,Davis,O,32,Operations,51747.79,2020-12-08,Brisbane,SA,41
680,Bob,Williams,O,28,IT,98541.55,2014-03-21,Adelaide,NSW,74
681,Julia,Johnson,M,24,Sales,56863.08,2020-08-29,Sydney,NSW,99
682,Charlie,Jones,F,40,IT,91825.29,2021-01-29,Hobart,TAS,57
683,Bob,Garcia,M,63,Finance,64755.04,2014-09-14,Melbourne,WA,44
684,Diana,Miller,F,47,Sales,136001.67,2020-08-15,Adelaide,NSW,58
685,Ivan,Davis,F,45,Operations,63611.68,2017-07-11,Adelaide,WA,53
686,Hannah,Brown,F,54,HR,84019.03,2017-04-14,Perth,QLD,84
687,Julia,Wilson,O,38,Marketing,115203.37,2016-07-10,Perth,SA,70
688,Hannah,Garcia,O,59,Operations,143164.77,2020-04-19,Adelaide,VIC,46
689,Hannah,Smith,F,31,Sales,104227.53,2016-10-30,Adelaide,SA,82
690,Bob,Johnson,O,32,HR,116789.1,2016-05-31,Hobart,QLD,48
691,Bob,Garcia,O,43,Operations,97840.28,2016-07-12,Adelaide,TAS,46
692,Bob,Miller,F,49,Marketing,139854.76,2019-06-21,Sydney,NSW,56
693,George,Garcia,F,35,HR,132072.03,2020-11-16,Adelaide,QLD,87
694,Ivan,Jones,F,50,HR,63591.98,2016-04-19,Perth,TAS,70
695,Fiona,Williams,O,62,IT,69233.21,2024-08-30,Melbourne,SA,92
696,Charlie,Jones,O,62,Finance,101002.91,2022-08-26,Adelaide,WA,58
697,Julia,Williams,F,50,Finance,90419.13,2016-01-18,Melbourne,QLD,57
698,Hannah,Davis,F,36,IT,149598.91,2024-10-26,Melbourne,SA,64
699,George,Brown,M,31,Finance,122134.78,2024-09-10,Adelaide,QLD,47
700,Diana,Davis,M,60,Marketing,131563.67,2018-07-05,Adelaide,SA,76
701,Fiona,Davis,M,33,IT,88967.6,2016-07-15,Melbourne,TAS,50
702,Charlie,Garcia,O,44,IT,145424.49,2011-04-22,Hobart,TAS,46
703,Bob,Davis,O,58,HR,45417.24,2010-03-27,Melbourne,NSW,56
704,Diana,Brown,F,60,Finance,147430.36,2023-05-28,Adelaide,NSW,61
705,George,Smith,F,26,Marketing,50743.16,2018-01-20,Adelaide,NSW,72
706,Bob,Miller,O,56,Marketing,81326.34,2014-08-23,Perth,TAS,85
707,Julia,Williams,M,37,Operations,108782.23,2018-07-14,Hobart,SA,92
708,Ethan,Brown,M,47,Sales,88646.01,2020-12-17,Melbourne,SA,97
709,Hannah,Johnson,F,30,HR,65665.16,2015-11-23,Hobart,VIC,68
710,Julia,Garcia,O,33,Marketing,107567.96,2016-06-22,Hobart,VIC,59
711,Ivan,Williams,O,46,IT,116504.05,2019-05-14,Perth,QLD,70
712,George,Anderson,O,38,Operations,124178.67,2012-07-09,Perth,QLD,84
713,George,Johnson,O,27,Finance,107510.45,2017-12-27,Adelaide,QLD,44
714,Diana,Johnson,O,41,Finance,146841.23,2016-07-18,Brisbane,TAS,90
715,George,Williams,M,58,Finance,94666.0,2017-10-27,Brisbane,VIC,76
716,Diana,Anderson,F,37,Operations,117965.9,2022-04-13,Perth,NSW,63
717,Charlie,Williams,F,26,Marketing,119406.65,2016-10-28,Brisbane,NSW,90
718,Alice,Garcia,O,56,Marketing,126150.1,2012-09-05,Melbourne,SA,57
719,Ethan,Miller,M,57,Operations,64635.88,2014-12-16,Hobart,NSW,94
720,Diana,Miller,O,45,IT,87766.9,2017-01-12,Hobart,QLD,71
721,Bob,Brown,M,56,Finance,54521.32,2022-11-10,Adelaide,TAS,56
722,Ivan,Miller,F,48,HR,131541.5,2024-12-29,Hobart,WA,51
723,Alice,Williams,F,34,Marketing,120168.35,2017-11-27,Adelaide,QLD,46
724,Charlie,Brown,F,37,Sales,131081.32,2023-11-29,Hobart,WA,92
725,George,Wilson,O,25,Sales,52295.21,2010-02-16,Hobart,SA,47
726,Julia,Wilson,M,35,IT,117609.42,2013-10-23,Hobart,TAS,98
727,Charlie,Williams,F,55,IT,105955.64,2010-12-09,Adelaide,NSW,80
728,Charlie,Garcia,M,63,Operations,74002.06,2018-09-10,Hobart,WA,55
729,Charlie,Johnson,F,48,Operations,76086.26,2022-10-30,Perth,VIC,48
730,Charlie,Williams,F,37,Finance,111378.18,2024-05-04,Melbourne,VIC,54
731,Charlie,Garcia,O,48,Sales,67768.18,2017-08-05,Melbourne,SA,59
732,Hannah,Anderson,O,57,Finance,55554.59,2014-09-10,Perth,SA,68
733,Julia,Davis,F,61,HR,116638.08,2016-09-09,Hobart,SA,77
734,Bob,Brown,M,40,Finance,99365.42,2015-07-06,Hobart,QLD,62
735,Fiona,Wilson,M,34,IT,114596.43,2010-06-13,Hobart,VIC,70
736,Fiona,Garcia,O,50,IT,75990.46,2019-10-29,Sydney,NSW,94
737,Ivan,Brown,O,32,Operations,61444.73,2023-10-29,Brisbane,WA,67
738,Ethan,Anderson,F,61,Finance,73508.61,2022-09-22,Melbourne,NSW,68
739,Hannah,Garcia,O,32,Sales,131208.79,2011-10-20,Hobart,VIC,53
740,George,Smith,M,39,HR,96504.16,2013-07-06,Melbourne,NSW,66
741,Diana,Johnson,O,37,Marketing,127826.18,2015-11-23,Melbourne,TAS,47
742,Bob,Johnson,M,55,Operations,82244.02,2023-09-04,Adelaide,WA,45
743,Diana,Miller,F,58,Marketing,58465.61,2010-04-17,Melbourne,SA,84
744,Diana,Jones,F,49,IT,67165.26,2023-11-17,Brisbane,NSW,40
745,Ethan,Miller,M,22,IT,147986.03,2015-12-04,Sydney,VIC,78
746,Ivan,Garcia,M,37,Sales,80268.28,2013-07-17,Perth,TAS,42
747,Diana,Johnson,M,24,Marketing,83449.58,2010-04-08,Brisbane,VIC,50
748,Alice,Johnson,F,32,Marketing,127236.11,2023-05-28,Melbourne,VIC,51
749,Ethan,Brown,O,29,HR,137070.78,2023-09-08,Brisbane,SA,45
750,Alice,Smith,M,41,Operations,97624.41,2012-04-04,Adelaide,WA,53
751,Charlie,Davis,M,47,Marketing,73771.68,2014-12-20,Sydney,VIC,70
752,Charlie,Miller,M,57,Marketing,93079.13,2023-07-27,Hobart,QLD,49
753,Charlie,Garcia,O,54,Finance,118159.27,2016-02-24,Adelaide,TAS,50
754,Bob,Jones,F,34,HR,110223.29,2020-10-23,Melbourne,VIC,53
755,Hannah,Johnson,O,57,Marketing,67666.2,2014-07-02,Sydney,NSW,63
756,Fiona,Jones,M,51,Marketing,119581.54,2022-01-17,Brisbane,SA,64
757,Charlie,Miller,F,29,IT,134742.57,2014-10-06,Adelaide,QLD,89
758,Julia,Garcia,M,38,Finance,121187.73,2013-11-06,Hobart,TAS,73
759,Alice,Jones,F,32,Finance,114372.87,2014-05-20,Brisbane,TAS,43
760,Ethan,Anderson,O,53,Sales,52690.29,2012-03-26,Adelaide,QLD,95
761,Ivan,Johnson,M,25,IT,115851.84,2017-02-13,Adelaide,TAS,42
762,Diana,Brown,F,64,Operations,74530.2,2023-12-18,Brisbane,VIC,79
763,Hannah,Smith,O,32,Operations,146377.69,2022-09-16,Perth,VIC,100
764,Julia,Johnson,M,57,Finance,61037.32,2014-12-07,Melbourne,QLD,83
765,Alice,Garcia,F,44,Sales,108847.16,2012-01-18,Hobart,VIC,49
766,Bob,Garcia,F,46,HR,89774.55,2012-10-13,Melbourne,VIC,44
767,Fiona,Garcia,M,48,Operations,78137.08,2010-02-18,Adelaide,SA,70
768,Alice,Brown,O,34,Operations,67360.91,2018-05-03,Sydney,TAS,66
769,George,Anderson,M,41,Marketing,129877.54,2020-09-13,Adelaide,SA,46
770,Hannah,Miller,O,62,Marketing,72707.0,2011-07-30,Melbourne,VIC,100
771,Hannah,Williams,M,42,IT,77954.78,2022-01-17,Melbourne,NSW,66
772,Hannah,Johnson,F,28,Marketing,130350.61,2023-02-03,Melbourne,QLD,55
773,Alice,Garcia,F,64,IT,109154.22,2010-03-17,Adelaide,TAS,47
774,Ethan,Miller,O,61,Finance,114541.06,2017-12-18,Hobart,QLD,99
775,Diana,Brown,M,45,Sales,135074.39,2015-07-20,Sydney,VIC,75
776,Ivan,Williams,M,60,Sales,110277.06,2022-07-26,Adelaide,QLD,66
777,Julia,Davis,O,31,Operations,132304.8,2016-01-01,Brisbane,NSW,58
778,Diana,Anderson,F,23,Marketing,103954.35,2014-03-14,Adelaide,QLD,88
779,Ethan,Anderson,O,33,Finance,134315.74,2018-01-31,Sydney,SA,80
780,Julia,Anderson,O,32,IT,102459.06,2015-05-06,Hobart,SA,65
781,Diana,Smith,F,35,Sales,93732.7,2018-11-30,Brisbane,NSW,62
782,Ivan,Anderson,M,22,Sales,101234.03,2010-11-02,Hobart,TAS,77
783,Bob,Jones,O,52,Sales,76060.25,2013-04-04,Brisbane,SA,73
784,Ivan,Anderson,M,32,Marketing,98234.77,2021-08-24,Melbourne,TAS,88
785,Diana,Davis,O,41,HR,72437.82,2014-04-10,Adelaide,VIC,99
786,George,Wilson,F,46,IT,95136.81,2013-08-23,Adelaide,QLD,72
787,Julia,Garcia,O,22,Sales,70246.87,2018-12-10,Brisbane,WA,69
788,Hannah,Miller,F,39,Finance,101544.84,2012-11-14,Adelaide,NSW,44
789,Fiona,Brown,M,58,Marketing,93996.27,2014-02-05,Hobart,VIC,53
790,Charlie,Jones,M,23,Sales,89337.81,2010-02-03,Hobart,TAS,40
791,Ethan,Williams,M,30,IT,70569.62,2019-12-12,Adelaide,NSW,91
792,Ivan,Smith,M,61,Sales,126347.53,2014-06-19,Hobart,WA,91
793,Bob,Miller,F,51,HR,149327.41,2024-10-01,Sydney,WA,46
794,Fiona,Wilson,F,59,HR,67931.32,2021-12-30,Melbourne,TAS,78
795,Ethan,Jones,F,32,Finance,110765.92,2015-09-14,Adelaide,TAS,97
796,Ivan,Davis,O,43,Finance,88864.79,2019-11-25,Brisbane,WA,92
797,Bob,Davis,F,26,HR,94334.34,2019-04-28,Hobart,SA,97
798,Alice,Williams,O,45,Marketing,87872.86,2023-10-19,Brisbane,NSW,91
799,Alice,Wilson,M,63,Sales,77027.41,2010-11-29,Melbourne,QLD,51
800,George,Miller,O,27,Finance,100587.17,2022-07-08,Hobart,QLD,40
801,Alice,Wilson,F,38,Marketing,140767.85,2022-05-13,Adelaide,VIC,72
802,Julia,Wilson,O,46,HR,56258.18,2018-05-29,Hobart,SA,66
803,Hannah,Smith,M,61,IT,104655.27,2020-07-09,Perth,NSW,44
804,Hannah,Garcia,F,58,Finance,79843.93,2023-07-21,Sydney,NSW,87
805,Hannah,Davis,M,46,Marketing,73015.23,2020-07-22,Perth,VIC,98
806,Diana,Miller,O,51,Operations,114531.65,2018-04-30,Adelaide,NSW,66
807,Diana,Johnson,M,61,Sales,93085.07,2019-09-20,Adelaide,SA,75
808,Alice,Wilson,M,52,Sales,104492.41,2012-12-03,Hobart,WA,75
809,George,Jones,O,46,Operations,147583.71,2011-07-12,Melbourne,QLD,57
810,Charlie,Williams,O,31,Operations,55798.45,2022-08-26,Brisbane,VIC,78
811,Fiona,Williams,M,46,Operations,96521.11,2018-05-28,Adelaide,VIC,66
812,Julia,Johnson,O,34,HR,125108.18,2022-04-18,Adelaide,WA,41
813,George,Anderson,F,37,Marketing,83005.65,2024-06-11,Melbourne,QLD,48
814,Julia,Williams,O,23,Marketing,129143.78,2023-12-23,Brisbane,TAS,50
815,George,Davis,F,45,Operations,107330.21,2011-11-16,Brisbane,WA,90
816,Hannah,Miller,M,58,Sales,78129.58,2021-12-28,Brisbane,VIC,85
817,George,Jones,F,56,Sales,89556.43,2018-06-09,Hobart,VIC,93
818,Alice,Garcia,M,36,Marketing,135014.58,2013-01-29,Sydney,VIC,45
819,Charlie,Wilson,O,41,Marketing,82005.0,2022-07-31,Perth,VIC,48
820,Fiona,Johnson,M,24,HR,92337.98,2015-04-09,Hobart,WA,59
821,Diana,Wilson,O,45,Sales,141371.52,2015-08-15,Melbourne,QLD,46
822,Alice,Johnson,F,36,Operations,135775.97,2013-11-03,Sydney,QLD,49
823,Ivan,Johnson,F,61,Finance,50771.26,2024-04-25,Hobart,TAS,79
824,Alice,Williams,F,62,Operations,45033.97,2023-05-11,Sydney,WA,87
825,Charlie,Anderson,M,29,Finance,102031.2,2010-02-26,Adelaide,TAS,65
826,Alice,Miller,O,44,Sales,107684.85,2020-03-08,Melbourne,TAS,53
827,Charlie,Jones,M,47,IT,71972.43,2019-02-17,Brisbane,SA,64
828,Diana,Garcia,F,40,Finance,135242.02,2024-05-02,Perth,WA,99
829,Hannah,Jones,O,56,HR,138018.28,2021-06-07,Melbourne,WA,52
830,Bob,Williams,O,39,HR,91190.8,2016-03-01,Melbourne,NSW,99
831,Alice,Miller,O,47,IT,88621.88,2019-05-01,Sydney,SA,71
832,Ethan,Anderson,M,44,Finance,104260.09,2015-01-30,Melbourne,NSW,80
833,Ivan,Anderson,O,32,HR,142826.76,2016-09-11,Hobart,QLD,47
834,Ethan,Smith,F,37,Finance,124518.47,2020-08-16,Adelaide,NSW,71
835,Alice,Smith,F,42,IT,118645.51,2020-08-04,Hobart,QLD,63
836,Fiona,Anderson,O,65,Marketing,46705.75,2023-01-23,Sydney,VIC,41
837,Fiona,Anderson,O,45,Marketing,145042.01,2012-05-31,Brisbane,WA,87
838,Fiona,Garcia,M,34,Finance,136066.08,2012-10-30,Sydney,QLD,88
839,Fiona,Williams,M,56,IT,94956.33,2023-02-03,Sydney,WA,85
840,Bob,Jones,O,50,HR,63255.9,2020-10-11,Adelaide,NSW,70
841,Hannah,Jones,O,46,HR,120817.23,2010-01-03,Brisbane,NSW,71
842,Fiona,Anderson,O,30,Marketing,149138.67,2016-09-11,Brisbane,WA,56
843,Hannah,Garcia,F,49,HR,147842.57,2024-11-06,Perth,WA,57
844,Ethan,Williams,F,29,IT,55766.16,2010-05-03,Brisbane,QLD,100
845,Ethan,Brown,F,30,IT,54189.11,2011-08-03,Sydney,VIC,78
846,Bob,Miller,M,51,IT,118630.12,2012-07-17,Melbourne,VIC,90
847,Fiona,Miller,F,47,Finance,50491.51,2010-12-27,Sydney,QLD,44
848,Charlie,Brown,F,49,Marketing,53387.21,2019-03-21,Melbourne,QLD,95
849,Charlie,Johnson,F,44,Operations,95296.39,2016-02-09,Brisbane,TAS,93
850,Alice,Davis,O,57,Sales,89614.57,2010-12-02,Melbourne,VIC,86
851,Ethan,Davis,F,56,Operations,95842.07,2018-05-23,Perth,VIC,78
852,Charlie,Williams,M,37,Operations,134117.18,2013-09-10,Hobart,VIC,59
853,Ethan,Miller,M,58,Operations,143571.26,2013-04-09,Hobart,TAS,63
854,Bob,Wilson,M,57,Marketing,58903.08,2016-09-10,Melbourne,TAS,72
855,Fiona,Williams,F,59,Finance,54020.93,2012-08-29,Perth,QLD,79
856,George,Anderson,O,57,HR,88077.17,2011-08-13,Brisbane,SA,93
857,Ivan,Smith,F,52,IT,100959.92,2016-12-22,Adelaide,TAS,74
858,Diana,Williams,M,33,Finance,56287.62,2014-12-01,Adelaide,TAS,77
859,Hannah,Miller,F,48,Sales,98266.94,2024-06-08,Sydney,SA,99
860,Ethan,Johnson,F,54,Finance,134216.86,2015-12-05,Adelaide,WA,50
861,Ivan,Jones,O,22,Sales,131744.19,2016-10-18,Melbourne,VIC,78
862,Diana,Smith,F,38,Operations,81374.29,2023-10-16,Sydney,QLD,49
863,Bob,Smith,M,60,Finance,59045.36,2022-01-18,Perth,VIC,43
864,Ethan,Johnson,M,45,Marketing,93602.61,2019-12-27,Hobart,QLD,99
865,Fiona,Garcia,O,52,HR,102063.34,2016-01-31,Melbourne,VIC,47
866,Hannah,Williams,O,31,Operations,146160.48,2016-01-05,Hobart,TAS,68
867,Bob,Anderson,M,28,Sales,72853.21,2013-06-04,Brisbane,TAS,41
868,George,Johnson,O,23,Operations,86731.11,2010-03-17,Hobart,WA,54
869,Bob,Brown,O,22,IT,113635.39,2024-04-26,Hobart,QLD,56
870,Ivan,Jones,F,62,Marketing,128125.85,2018-07-26,Hobart,SA,74
871,Bob,Davis,F,25,Operations,126909.1,2011-04-04,Brisbane,TAS,97
872,Bob,Brown,O,30,Marketing,62050.78,2018-03-12,Adelaide,QLD,82
873,Julia,Wilson,F,47,IT,68272.47,2012-01-24,Melbourne,NSW,98
874,Ethan,Miller,F,32,HR,105301.29,2012-03-31,Sydney,VIC,53
875,Ivan,Davis,O,26,Finance,69017.55,2017-10-10,Sydney,WA,72
876,Ivan,Davis,M,23,Finance,132603.73,2015-01-14,Melbourne,SA,82
877,George,Miller,F,26,Sales,122109.45,2011-09-13,Adelaide,TAS,66
878,Charlie,Smith,F,28,Finance,87153.81,2018-07-28,Melbourne,TAS,61
879,Hannah,Wilson,O,50,HR,45970.75,2021-01-02,Sydney,WA,88
880,Julia,Johnson,O,38,Marketing,87745.15,2017-10-31,Hobart,TAS,62
881,Hannah,Brown,O,44,Operations,146370.14,2017-10-05,Adelaide,SA,91
882,Hannah,Garcia,O,57,Finance,117159.9,2015-01-20,Perth,SA,74
883,Fiona,Jones,O,30,Sales,93505.44,2012-02-22,Melbourne,SA,52
884,Bob,Williams,F,32,Finance,69733.69,2024-01-26,Brisbane,VIC,95
885,Ethan,Williams,M,34,Sales,100732.52,2016-04-14,Perth,TAS,44
886,Julia,Wilson,F,61,Sales,53615.44,2022-09-27,Perth,QLD,66
887,George,Anderson,M,34,HR,128908.89,2016-09-26,Perth,SA,46
888,Ethan,Williams,O,30,Operations,119447.99,2017-08-21,Perth,SA,54
889,Bob,Anderson,F,35,Sales,109308.16,2017-08-08,Sydney,NSW,70
890,Alice,Brown,O,64,Operations,116555.13,2024-12-23,Hobart,QLD,99
891,Julia,Miller,M,65,Finance,104908.23,2015-11-20,Adelaide,VIC,57
892,Alice,Williams,F,38,Sales,61035.64,2011-11-05,Melbourne,SA,85
893,Bob,Brown,F,55,Marketing,78407.14,2017-01-22,Sydney,QLD,89
894,Fiona,Williams,O,48,Sales,119132.24,2013-07-24,Brisbane,NSW,68
895,Ethan,Williams,O,29,Sales,59777.81,2011-12-10,Sydney,QLD,84
896,Charlie,Anderson,F,58,Marketing,144501.49,2018-10-23,Sydney,WA,42
897,Diana,Davis,F,65,IT,130313.01,2010-04-11,Adelaide,QLD,40
898,Alice,Miller,F,41,Operations,101725.24,2024-10-03,Adelaide,WA,74
899,Ivan,Jones,M,43,Marketing,81980.23,2022-07-11,Perth,NSW,69
900,Alice,Miller,F,57,Sales,85839.06,2019-10-18,Hobart,WA,50
901,Ethan,Williams,F,45,Operations,127493.19,2011-12-19,Perth,WA,100
902,Bob,Smith,M,38,HR,127665.85,2024-01-25,Sydney,TAS,87
903,Ethan,Miller,O,50,Operations,45310.38,2014-05-24,Hobart,SA,60
904,Charlie,Smith,M,44,Operations,55725.6,2012-09-17,Adelaide,SA,85
905,Alice,Smith,F,40,Sales,112141.71,2018-09-19,Adelaide,WA,96
906,Fiona,Garcia,F,44,Marketing,51354.4,2021-12-27,Sydney,QLD,79
907,Ivan,Jones,F,43,Finance,117383.74,2013-03-02,Brisbane,SA,73
908,George,Anderson,M,59,Marketing,45572.3,2014-08-10,Melbourne,VIC,79
909,Ivan,Jones,M,47,Operations,84471.92,2021-12-08,Melbourne,WA,67
910,Fiona,Smith,O,56,IT,119140.52,2016-04-01,Perth,WA,68
911,Alice,Miller,O,51,IT,129747.89,2012-07-12,Sydney,WA,98
912,Diana,Miller,F,54,Marketing,103494.76,2011-05-14,Melbourne,VIC,44
913,Julia,Wilson,F,27,HR,54672.15,2022-01-30,Adelaide,NSW,58
914,Ethan,Miller,O,64,Finance,66933.68,2014-02-26,Sydney,VIC,81
915,Julia,Williams,M,42,IT,80619.36,2017-04-05,Brisbane,NSW,51
916,Alice,Davis,O,54,Marketing,68218.57,2022-03-31,Adelaide,WA,41
917,Hannah,Davis,F,34,Finance,143963.35,2010-08-17,Adelaide,VIC,44
918,Charlie,Jones,F,27,HR,113347.56,2022-01-02,Perth,SA,83
919,Ivan,Davis,O,51,HR,73434.15,2012-08-16,Adelaide,TAS,64
920,Julia,Jones,F,58,IT,102491.21,2013-09-03,Brisbane,VIC,77
921,Julia,Johnson,F,34,Operations,127553.18,2020-12-26,Brisbane,NSW,61
922,Hannah,Miller,F,24,IT,90039.31,2014-06-13,Sydney,SA,68
923,Alice,Wilson,M,34,Marketing,108589.82,2016-10-14,Sydney,TAS,43
924,Charlie,Wilson,F,29,IT,100876.47,2021-01-10,Perth,TAS,59
925,Bob,Jones,O,47,Operations,48190.52,2022-02-14,Adelaide,TAS,63
926,Ivan,Miller,O,39,IT,132369.25,2019-11-19,Adelaide,QLD,100
927,Alice,Williams,F,49,Operations,111899.31,2013-11-16,Hobart,TAS,58
928,George,Williams,F,56,Sales,65569.69,2017-04-04,Perth,QLD,97
929,Hannah,Johnson,F,59,Finance,45764.14,2018-08-31,Melbourne,VIC,61
930,Charlie,Miller,M,37,HR,116968.79,2024-02-26,Sydney,QLD,74
931,Hannah,Davis,M,32,IT,73969.28,2017-08-25,Brisbane,WA,54
932,Charlie,Miller,M,63,Finance,86378.78,2020-03-31,Brisbane,TAS,53
933,Bob,Wilson,F,38,Marketing,92816.7,2012-03-25,Adelaide,QLD,52
934,George,Smith,M,25,Sales,137653.84,2011-10-15,Melbourne,NSW,42
935,Ivan,Wilson,M,25,Marketing,64765.06,2015-10-18,Sydney,TAS,80
936,Ivan,Jones,O,26,Operations,140165.52,2019-05-23,Perth,QLD,71
937,Alice,Davis,M,64,Operations,89838.15,2023-04-02,Brisbane,SA,63
938,Fiona,Jones,F,34,Finance,65956.07,2012-01-29,Brisbane,VIC,63
939,George,Williams,M,40,IT,72192.16,2023-09-28,Adelaide,QLD,83
940,Ethan,Jones,O,35,IT,61454.38,2010-08-20,Perth,QLD,68
941,Bob,Davis,M,44,Operations,140406.73,2016-02-10,Brisbane,SA,91
942,Ethan,Davis,F,24,Marketing,133624.54,2019-01-09,Melbourne,TAS,62
943,Hannah,Garcia,F,39,Sales,90511.13,2023-12-06,Perth,QLD,97
944,Charlie,Williams,O,31,HR,116786.33,2017-08-12,Sydney,SA,70
945,Ivan,Wilson,M,30,Marketing,45003.0,2022-10-13,Perth,SA,59
946,Hannah,Smith,O,64,Operations,145636.2,2016-02-09,Melbourne,TAS,51
947,George,Miller,F,22,Finance,57087.72,2018-06-25,Perth,TAS,63
948,Alice,Davis,F,38,Marketing,54672.79,2018-06-05,Melbourne,NSW,83
949,Charlie,Davis,M,50,Sales,72753.59,2011-02-15,Melbourne,SA,49
950,Bob,Johnson,F,38,Finance,134339.47,2017-09-27,Melbourne,NSW,69
951,Alice,Williams,M,47,Marketing,102171.7,2013-10-12,Melbourne,VIC,90
952,Julia,Wilson,M,46,Marketing,109959.59,2011-11-20,Melbourne,TAS,61
953,Hannah,Anderson,O,36,Sales,147495.5,2019-04-09,Perth,SA,41
954,Ethan,Brown,M,37,Sales,84014.29,2016-01-29,Sydney,VIC,84
955,Hannah,Wilson,O,34,Marketing,133984.46,2015-04-18,Melbourne,QLD,56
956,Ivan,Williams,M,57,HR,147737.34,2020-06-11,Hobart,NSW,89
957,Bob,Smith,F,65,Operations,89987.94,2018-12-29,Sydney,SA,60
958,Charlie,Anderson,F,48,IT,92752.31,2016-09-08,Brisbane,QLD,77
959,Diana,Williams,O,47,Sales,55267.09,2011-11-18,Sydney,TAS,51
960,Charlie,Miller,M,60,Operations,131805.38,2018-01-15,Hobart,WA,42
961,Charlie,Brown,O,32,Finance,76732.72,2010-12-28,Adelaide,VIC,55
962,Alice,Brown,O,23,Operations,114147.78,2011-09-09,Sydney,VIC,90
963,Alice,Johnson,M,24,Marketing,78636.82,2022-06-09,Perth,WA,98
964,Hannah,Johnson,M,40,IT,58679.87,2016-04-16,Adelaide,NSW,72
965,Fiona,Anderson,F,43,Sales,74938.28,2010-06-23,Melbourne,TAS,90
966,George,Davis,O,42,Marketing,149058.57,2018-04-26,Brisbane,SA,100
967,Julia,Miller,F,46,Operations,46044.24,2019-08-31,Perth,TAS,47
968,George,Johnson,M,41,HR,106110.24,2017-03-27,Perth,VIC,41
969,Diana,Miller,F,23,IT,95628.56,2017-06-15,Melbourne,WA,72
970,Julia,Davis,O,56,HR,101206.41,2011-11-26,Melbourne,TAS,49
971,Ivan,Davis,F,32,HR,117129.11,2017-06-06,Perth,WA,54
972,Bob,Davis,F,34,HR,100804.2,2014-10-23,Hobart,QLD,78
973,Julia,Brown,F,65,Sales,77632.11,2016-10-03,Brisbane,SA,45
974,George,Williams,M,30,IT,68405.03,2022-12-07,Melbourne,SA,96
975,Bob,Smith,M,52,IT,85236.2,2015-02-15,Hobart,QLD,73
976,Charlie,Garcia,F,30,Operations,111386.44,2018-09-10,Perth,WA,93
977,Diana,Davis,F,45,Marketing,137931.13,2011-02-06,Melbourne,SA,59
978,Fiona,Jones,M,38,Sales,102830.89,2019-04-02,Perth,TAS,99
979,Ethan,Wilson,O,27,IT,54882.91,2019-11-21,Hobart,NSW,96
980,Fiona,Jones,M,22,IT,92168.49,2012-01-23,Perth,TAS,87
981,George,Davis,F,51,Operations,139909.8,2012-03-29,Sydney,WA,48
982,Fiona,Miller,M,47,Operations,48043.48,2021-09-25,Hobart,SA,58
983,Fiona,Wilson,O,63,IT,50434.72,2015-03-13,Brisbane,NSW,44
984,Charlie,Garcia,M,46,Operations,69967.13,2011-03-11,Sydney,WA,78
985,Alice,Williams,O,58,Finance,145646.13,2021-07-14,Sydney,VIC,61
986,Diana,Williams,F,47,Marketing,50433.01,2011-12-07,Hobart,WA,50
987,Ivan,Anderson,M,64,Operations,79209.44,2023-01-21,Brisbane,TAS,79
988,George,Jones,M,62,Finance,143503.18,2011-10-12,Hobart,VIC,41
989,Ethan,Anderson,F,27,IT,74201.6,2024-05-13,Melbourne,TAS,75
990,Hannah,Miller,M,32,Sales,144871.58,2013-01-26,Perth,VIC,80
991,Julia,Wilson,O,34,Operations,69267.41,2023-10-17,Brisbane,SA,63
992,George,Brown,M,65,IT,78968.95,2022-10-23,Sydney,NSW,63
993,Bob,Davis,O,50,Sales,45240.77,2021-02-18,Melbourne,VIC,96
994,Bob,Miller,O,58,IT,141411.83,2010-09-06,Perth,WA,61
995,Hannah,Johnson,F,64,Marketing,70578.33,2023-01-16,Perth,NSW,95
996,Hannah,Davis,F,64,IT,89844.79,2017-08-18,Perth,VIC,61
997,Ivan,Smith,M,22,IT,127885.54,2013-05-17,Perth,SA,83
998,Bob,Wilson,F,34,IT,87586.48,2014-03-21,Sydney,SA,75
999,Hannah,Anderson,M,43,Finance,117667.33,2010-10-26,Perth,TAS,64
1000,Fiona,Williams,F,51,IT,112629.92,2013-03-25,Sydney,QLD,82
